"date","firefox","chrome","safari"
"2026-01-02",52.48,78.39,59.88
"2026-01-03",52.34,78.47,59.88
"2026-01-04",51.86,78.34,59.91
"2026-01-05",52.49,78.47,59.88
"2026-01-06",52.38,78.37,59.88
"2026-01-07",52.52,78.47,59.87
"2026-01-08",52.55,78.41,59.88
"2026-01-09",52.58,78.68,59.32
"2026-01-10",52.62,78.72,59.87
"2026-01-11",52.59,78.67,59.88
"2026-01-12",52.62,78.73,59.88
"2026-01-15",52.63,78.61,61.01
"2026-01-16",52.65,78.69,61.04
"2026-01-17",52.65,78.77,61.01
"2026-01-18",52.59,78.72,61.04
"2026-01-19",53.55,78.78,62.04
"2026-01-21",53.99,80.23,62.01
"2026-01-22",54.07,80.16,62.09
"2026-01-23",54.31,80.20,62.14
"2026-01-24",54.38,80.30,62.14
"2026-01-25",54.34,80.22,62.17
"2026-01-26",54.30,80.19,62.15
"2026-01-27",54.34,80.19,62.12
"2026-01-28",54.35,80.28,62.12
"2026-01-29",54.58,80.45,62.09
"2026-01-30",54.60,80.39,62.08
"2026-01-31",54.59,80.48,62.11
"2026-02-01",54.62,80.47,62.05
"2026-02-02",54.62,80.50,62.11
"2026-02-03",54.64,80.42,62.11
"2026-02-04",54.63,80.43,62.08
"2026-02-05",57.47,85.11,62.05
"2026-02-06",57.42,85.25,62.11
"2026-02-07",57.52,85.20,62.08
"2026-02-09",58.28,85.20,62.08
"2026-02-10",58.34,85.22,62.11
"2026-02-11",61.41,85.25,62.27
"2026-02-12",61.47,85.25,62.37
"2026-02-13",61.47,85.25,62.37
"2026-02-14",61.40,85.36,62.48
"2026-02-15",61.73,85.36,62.48
"2026-02-16",61.74,85.31,62.41
"2026-02-17",61.73,85.35,62.48
"2026-02-18",61.73,85.35,62.47
"2026-02-19",61.74,85.31,62.45
"2026-02-20",62.51,85.36,62.44
"2026-02-21",62.51,85.36,62.41
"2026-02-22",62.50,85.35,62.41
"2026-02-23",62.51,85.35,62.44
"2026-02-24",63.62,86.22,63.42
"2026-02-25",63.62,86.20,63.42
"2026-02-26",66.15,86.22,64.45
"2026-02-27",66.98,88.94,70.12
"2026-02-28",67.08,88.78,69.59
"2026-03-01",67.08,88.94,70.56
"2026-03-02",67.08,88.94,70.16
"2026-03-03",67.09,88.98,70.12
"2026-03-04",67.19,89.19,69.61
"2026-03-05",66.77,89.21,70.11
"2026-03-06",67.43,89.21,71.11
"2026-03-07",67.41,89.03,70.15
"2026-03-08",67.42,89.03,70.12
"2026-03-09",67.43,89.03,70.59
"2026-03-10",67.44,89.03,69.39
"2026-03-11",67.44,89.03,70.08
"2026-03-12",67.42,89.03,69.61
"2026-03-13",67.50,89.09,71.14
"2026-03-14",67.53,88.97,70.20
"2026-03-15",67.54,89.08,70.17
"2026-03-16",67.54,89.03,71.17
"2026-03-17",67.53,89.03,69.61
"2026-03-18",67.56,89.09,70.17
"2026-03-27",69.49,89.67,74.07
"2026-03-28",69.49,89.69,73.50
"2026-03-29",69.48,89.69,73.07
"2026-03-30",69.48,89.69,73.62
"2026-03-31",69.49,89.69,73.60
"2026-04-01",69.49,89.73,73.62
"2026-04-02",70.17,90.14,73.49
"2026-04-03",70.16,90.10,75.04
"2026-04-04",70.22,90.16,73.87
"2026-04-05",70.22,90.11,74.05
"2026-04-06",70.22,90.11,73.45
"2026-04-08",70.22,90.11,73.31
"2026-04-13",70.79,90.19,74.07
"2026-04-15",70.71,90.15,74.07
"2026-04-21",70.21,89.32,74.96
"2026-04-26",70.28,89.32,85.28
"2026-04-30",71.07,89.90,85.67
"2026-05-01",71.42,90.11,85.38
"2026-05-02",71.56,90.05,86.09
"2026-05-04",71.90,89.94,85.03
"2026-05-05",71.59,89.89,84.25
"2026-05-06",71.60,89.89,84.84
"2026-05-07",76.34,94.61,85.38
"2026-05-08",76.46,94.59,86.23
"2026-05-09",76.46,94.50,85.95
"2026-05-10",76.46,94.55,85.40
"2026-05-11",76.45,94.55,85.24
"2026-05-12",76.32,94.53,86.94
"2026-05-13",76.39,95.07,85.38
"2026-05-14",76.29,95.45,86.12
"2026-05-15",76.69,95.50,86.15
"2026-05-16",76.90,95.72,85.78
"2026-05-17",81.28,95.72,86.19
"2026-05-18",81.28,95.69,85.35
"2026-05-19",81.31,95.78,86.56
"2026-05-20",81.55,96.31,86.53
"2026-05-21",81.86,96.05,86.58
"2026-05-22",81.98,96.36,86.25
"2026-05-23",81.98,96.37,86.06
"2026-05-24",81.98,96.42,86.06
"2026-05-25",81.98,96.37,86.62
"2026-05-26",81.98,96.36,86.06
"2026-05-27",82.00,96.36,86.06
"2026-06-02",87.17,96.42,86.04
"2026-06-03",87.17,96.42,86.56
"2026-06-04",87.72,96.44,86.69
"2026-06-05",87.83,96.46,87.25
"2026-06-06",87.83,96.44,86.23
"2026-06-07",87.83,96.50,86.67
"2026-06-08",87.82,96.44,86.71
"2026-06-09",87.89,96.47,85.67
"2026-06-10",87.89,96.54,86.72
"2026-06-11",87.89,96.50,86.64
"2026-06-12",87.89,96.54,87.52
"2026-06-13",87.89,96.54,86.64
"2026-06-14",87.91,96.59,86.66
"2026-06-15",87.91,96.55,87.22
"2026-06-16",87.95,96.55,86.66
"2026-06-17",87.43,96.59,86.09
"2026-06-24",87.41,96.62,86.03
"2026-06-25",87.30,96.50,87.03
"2026-06-26",87.32,96.51,86.59
"2026-06-27",87.33,96.62,85.56
"2026-06-28",87.33,96.58,86.03
"2026-06-29",87.31,96.62,87.61
"2026-06-30",88.37,96.31,87.14
"2026-07-01",88.50,96.31,86.00
"2026-07-02",88.51,96.40,88.14
"2026-07-03",88.53,96.64,87.13
"2026-07-07",88.53,96.65,87.15
"2026-07-08",88.72,96.70,87.61
"2026-07-09",88.69,96.65,86.18
"2026-07-10",88.72,96.71,85.95
"2026-07-12",88.92,96.72,88.18
"2026-07-13",88.92,96.69,87.14
"2026-07-14",88.92,96.72,87.14
"2026-07-15",88.93,96.65,87.36
"2026-07-16",89.05,96.81,87.34
"2026-07-17",89.05,96.83,87.27
"2026-07-18",89.00,96.89,87.39
"2026-07-19",88.98,96.89,88.25
"2026-07-20",89.27,96.83,87.23
"2026-07-21",89.25,96.83,88.37
"2026-07-22",89.31,96.83,87.50
"2026-07-23",89.50,96.83,88.47
"2026-07-24",89.61,96.79,87.94
"2026-07-25",89.66,96.90,87.90
"2026-07-29",89.74,96.84,87.95
"2026-07-30",90.69,97.50,91.69
"2026-07-31",90.77,96.98,91.64
"2026-08-02",90.77,97.48,92.64
"2026-08-03",90.78,97.54,92.61
"2026-08-04",90.78,96.97,92.65
"2026-08-05",90.78,97.48,91.60
"2026-08-06",90.77,96.92,92.58
"2026-08-11",90.89,96.95,91.61
"2026-08-12",90.94,96.86,91.58
"2026-08-13",90.97,96.85,91.22
"2026-08-14",91.03,97.47,92.76
"2026-08-18",91.00,97.50,92.78
"2026-08-19",91.03,97.80,92.77
"2026-08-20",91.01,97.81,92.78
"2026-08-21",91.04,97.83,94.06
"2026-08-22",95.89,97.86,94.08
"2026-08-23",95.89,97.91,94.15
"2026-08-27",95.93,98.00,92.03
"2026-09-03",96.23,99.25,92.06
"2026-09-04",96.22,99.31,92.06
"2026-09-05",96.28,99.35,92.03
"2026-09-07",96.26,99.31,92.08
"2026-09-08",96.28,99.34,92.16
"2026-09-09",96.27,99.58,92.16
"2026-09-10",96.38,99.50,99.21
"2026-09-11",96.38,99.44,99.20
"2026-09-12",96.67,99.58,99.17
"2026-09-13",96.68,99.53,99.17
"2026-09-14",96.66,99.58,99.17
"2026-09-15",96.66,99.53,99.20
"2026-09-16",96.58,99.64,99.17
"2026-09-17",95.66,99.64,99.00
"2026-09-18",96.51,99.58,99.22
"2026-09-19",97.77,99.58,99.22
"2026-09-20",97.75,99.58,99.21
"2026-09-21",97.75,99.58,99.25
"2026-09-22",97.75,99.66,99.22
"2026-09-23",97.75,99.67,99.21
"2026-09-24",98.08,99.64,99.38
"2026-09-25",98.08,99.56,99.17
"2026-09-26",98.08,99.69,99.38
"2026-09-27",98.08,99.62,99.38
"2026-09-29",98.08,99.62,99.38
"2026-09-30",98.09,99.64,99.37
"2026-10-01",98.09,99.58,99.38
"2026-10-02",98.09,99.62,99.38
"2026-10-06",98.09,99.64,99.33
"2026-10-07",98.12,99.64,99.37
"2026-10-08",98.12,99.64,99.38
"2026-10-09",98.11,99.58,99.52
"2026-10-10",98.12,99.69,99.52
